"id","name","institution name","institution domain","num assigned Submissions","num submitted official reviews","openreview page"
"~Amlaan_Bhoi1","Amlaan Bhoi","","","2","2","https://openreview.net/profile?id=~Amlaan_Bhoi1"
"~Xiaoyu_Xu8","Xiaoyu Xu","","","3","3","https://openreview.net/profile?id=~Xiaoyu_Xu8"
"~Yana_Wei1","Yana Wei","","","4","4","https://openreview.net/profile?id=~Yana_Wei1"
"~Hongkang_Li1","Hongkang Li","","","3","3","https://openreview.net/profile?id=~Hongkang_Li1"
"~Manu_Chemudupati1","Manu Chemudupati","","","2","2","https://openreview.net/profile?id=~Manu_Chemudupati1"
"~Felipe_Maia_Polo1","Felipe Maia Polo","","","4","4","https://openreview.net/profile?id=~Felipe_Maia_Polo1"
"~Qiyao_Liang1","Qiyao Liang","","","3","3","https://openreview.net/profile?id=~Qiyao_Liang1"
"~Qineng_Wang1","Qineng Wang","","","3","3","https://openreview.net/profile?id=~Qineng_Wang1"
"~Chunyuan_Deng1","Chunyuan Deng","","","2","1","https://openreview.net/profile?id=~Chunyuan_Deng1"
"~Lester_James_Validad_Miranda1","Lester James Validad Miranda","","","2","2","https://openreview.net/profile?id=~Lester_James_Validad_Miranda1"
"~Wang_Hao3","Hao Wang","","","2","2","https://openreview.net/profile?id=~Wang_Hao3"
"~LI_Yang10","Yang LI","","","2","2","https://openreview.net/profile?id=~LI_Yang10"
"~Bowen_Qin1","Bowen Qin","","","4","3","https://openreview.net/profile?id=~Bowen_Qin1"
"~Nicolas_Zucchet1","Nicolas Zucchet","","","3","2","https://openreview.net/profile?id=~Nicolas_Zucchet1"
"~Amil_V_Dravid1","Amil Dravid","","","3","3","https://openreview.net/profile?id=~Amil_V_Dravid1"
"~Jiazhou_Zhou1","Jiazhou Zhou","","","2","2","https://openreview.net/profile?id=~Jiazhou_Zhou1"
"~Marek_Mateusz_Masiak1","Marek Masiak","","","3","3","https://openreview.net/profile?id=~Marek_Mateusz_Masiak1"
"~Yufeng_Zhao1","Hakaze Cho","","","4","4","https://openreview.net/profile?id=~Yufeng_Zhao1"
"~Yunzhen_Yao1","Yunzhen Yao","","","3","3","https://openreview.net/profile?id=~Yunzhen_Yao1"
"~Mingjie_Sun1","Mingjie Sun","","","3","3","https://openreview.net/profile?id=~Mingjie_Sun1"
"~hanqi_yan1","Hanqi Yan","","","4","4","https://openreview.net/profile?id=~hanqi_yan1"
"~Kexin_Huang6","Kexin Huang","","","4","4","https://openreview.net/profile?id=~Kexin_Huang6"
"~Xiaoguang_Guo2","Xiaoguang Guo","","","2","2","https://openreview.net/profile?id=~Xiaoguang_Guo2"
"~Santosh_V._Patapati1","Santosh V. Patapati","","","2","2","https://openreview.net/profile?id=~Santosh_V._Patapati1"
"~Sangmin_Bae1","Sangmin Bae","","","1","1","https://openreview.net/profile?id=~Sangmin_Bae1"
"~Bingcong_Li1","Bingcong Li","","","2","2","https://openreview.net/profile?id=~Bingcong_Li1"
"~Shuhai_Zhang1","Shuhai Zhang","","","2","2","https://openreview.net/profile?id=~Shuhai_Zhang1"
"~Noam_Razin1","Noam Razin","","","4","4","https://openreview.net/profile?id=~Noam_Razin1"
"~Wenzhao_Li3","Wenzhao Li","","","2","2","https://openreview.net/profile?id=~Wenzhao_Li3"
"~Zihan_Qiu1","Zihan Qiu","","","4","4","https://openreview.net/profile?id=~Zihan_Qiu1"
"~Hanshi_Sun1","Hanshi Sun","","","2","2","https://openreview.net/profile?id=~Hanshi_Sun1"
"~Jianliang_He1","Jianliang He","","","4","4","https://openreview.net/profile?id=~Jianliang_He1"
"~Yinghui_Li1","Yinghui Li","","","4","4","https://openreview.net/profile?id=~Yinghui_Li1"
"~Huaqing_Zhang2","Huaqing Zhang","","","4","4","https://openreview.net/profile?id=~Huaqing_Zhang2"
"~Xinyi_Wang2","Xinyi Wang","","","4","4","https://openreview.net/profile?id=~Xinyi_Wang2"
"~Siming_Zhao2","Siming Zhao","","","3","3","https://openreview.net/profile?id=~Siming_Zhao2"
"~Shansan_Gong1","Shansan Gong","","","2","2","https://openreview.net/profile?id=~Shansan_Gong1"
"~Yanying_Lin1","Yanying Lin","","","2","2","https://openreview.net/profile?id=~Yanying_Lin1"
"~Shengqiong_Wu2","Shengqiong Wu","","","3","3","https://openreview.net/profile?id=~Shengqiong_Wu2"
"~Kaixiang_Zhao1","Kaixiang Zhao","","","3","3","https://openreview.net/profile?id=~Kaixiang_Zhao1"
"~Hanlin_Zhang1","Hanlin Zhang","","","5","5","https://openreview.net/profile?id=~Hanlin_Zhang1"
"~Kaiyue_Wen1","Kaiyue Wen","","","4","3","https://openreview.net/profile?id=~Kaiyue_Wen1"
"~Yizhou_Liu1","Yizhou Liu","","","4","3","https://openreview.net/profile?id=~Yizhou_Liu1"
